id,schedule_code,effective_date,li_item_id,pbs_code,drug_id,brand_name,old_value,significance,notes,created_at
2212,4558,2025-12-01T00:00:00.000Z,10399H_10037_1189_5419_54287,10399H,2100003000,Abrilada,"{""pbs_code"":""10399H"",""formulary"":""F2"",""brand_name"":""Abrilada"",""li_item_id"":""10399H_10037_1189_5419_54287"",""determined_price"":444.17}",normal,PBS listing was present in the previous schedule and is now absent.,2026-08-29T11:14:36.234Z
2213,4558,2025-12-01T00:00:00.000Z,10412B_10037_1189_5419_54287,10412B,2100003000,Abrilada,"{""pbs_code"":""10412B"",""formulary"":""F2"",""brand_name"":""Abrilada"",""li_item_id"":""10412B_10037_1189_5419_54287"",""determined_price"":444.17}",normal,PBS listing was present in the previous schedule and is now absent.,2026-08-29T11:14:36.234Z
2214,4558,2025-12-01T00:00:00.000Z,10419J_10037_1189_5419_54287,10419J,2100003000,Abrilada,"{""pbs_code"":""10419J"",""formulary"":""F2"",""brand_name"":""Abrilada"",""li_item_id"":""10419J_10037_1189_5419_54287"",""determined_price"":444.17}",normal,PBS listing was present in the previous schedule and is now absent.,2026-08-29T11:14:36.234Z
2215,4558,2025-12-01T00:00:00.000Z,10944B_10037_1189_5419_54287,10944B,2100003000,Abrilada,"{""pbs_code"":""10944B"",""formulary"":""F2"",""brand_name"":""Abrilada"",""li_item_id"":""10944B_10037_1189_5419_54287"",""determined_price"":444.17}",normal,PBS listing was present in the previous schedule and is now absent.,2026-08-29T11:14:36.234Z
2216,4558,2025-12-01T00:00:00.000Z,10960W_10037_1189_5419_54287,10960W,2100003000,Abrilada,"{""pbs_code"":""10960W"",""formulary"":""F2"",""brand_name"":""Abrilada"",""li_item_id"":""10960W_10037_1189_5419_54287"",""determined_price"":444.17}",normal,PBS listing was present in the previous schedule and is now absent.,2026-08-29T11:14:36.234Z
2217,4558,2025-12-01T00:00:00.000Z,12325Q_10037_1189_5419_54287,12325Q,2100003000,Abrilada,"{""pbs_code"":""12325Q"",""formulary"":""F2"",""brand_name"":""Abrilada"",""li_item_id"":""12325Q_10037_1189_5419_54287"",""determined_price"":444.17}",normal,PBS listing was present in the previous schedule and is now absent.,2026-08-29T11:14:36.234Z
2218,4558,2025-12-01T00:00:00.000Z,12326R_10037_1189_5419_54287,12326R,2100003000,Abrilada,"{""pbs_code"":""12326R"",""formulary"":""F2"",""brand_name"":""Abrilada"",""li_item_id"":""12326R_10037_1189_5419_54287"",""determined_price"":444.17}",normal,PBS listing was present in the previous schedule and is now absent.,2026-08-29T11:14:36.234Z
2219,4558,2025-12-01T00:00:00.000Z,12327T_10037_1189_5419_54287,12327T,2100003000,Abrilada,"{""pbs_code"":""12327T"",""formulary"":""F2"",""brand_name"":""Abrilada"",""li_item_id"":""12327T_10037_1189_5419_54287"",""determined_price"":444.17}",normal,PBS listing was present in the previous schedule and is now absent.,2026-08-29T11:14:36.234Z
2220,4558,2025-12-01T00:00:00.000Z,12331B_10037_1189_5419_54287,12331B,2100003000,Abrilada,"{""pbs_code"":""12331B"",""formulary"":""F2"",""brand_name"":""Abrilada"",""li_item_id"":""12331B_10037_1189_5419_54287"",""determined_price"":444.17}",normal,PBS listing was present in the previous schedule and is now absent.,2026-08-29T11:14:36.234Z
2221,4558,2025-12-01T00:00:00.000Z,12333D_10037_1189_5419_54287,12333D,2100003000,Abrilada,"{""pbs_code"":""12333D"",""formulary"":""F2"",""brand_name"":""Abrilada"",""li_item_id"":""12333D_10037_1189_5419_54287"",""determined_price"":444.17}",normal,PBS listing was present in the previous schedule and is now absent.,2026-08-29T11:14:36.234Z
2222,4558,2025-12-01T00:00:00.000Z,12348X_10037_1189_5419_54287,12348X,2100003000,Abrilada,"{""pbs_code"":""12348X"",""formulary"":""F2"",""brand_name"":""Abrilada"",""li_item_id"":""12348X_10037_1189_5419_54287"",""determined_price"":444.17}",normal,PBS listing was present in the previous schedule and is now absent.,2026-08-29T11:14:36.234Z
2223,4558,2025-12-01T00:00:00.000Z,12365T_10037_1189_5419_54287,12365T,2100003000,Abrilada,"{""pbs_code"":""12365T"",""formulary"":""F2"",""brand_name"":""Abrilada"",""li_item_id"":""12365T_10037_1189_5419_54287"",""determined_price"":444.17}",normal,PBS listing was present in the previous schedule and is now absent.,2026-08-29T11:14:36.234Z
2224,4558,2025-12-01T00:00:00.000Z,12366W_10037_1189_5419_54287,12366W,2100003000,Abrilada,"{""pbs_code"":""12366W"",""formulary"":""F2"",""brand_name"":""Abrilada"",""li_item_id"":""12366W_10037_1189_5419_54287"",""determined_price"":444.17}",normal,PBS listing was present in the previous schedule and is now absent.,2026-08-29T11:14:36.234Z
2225,4558,2025-12-01T00:00:00.000Z,12367X_10037_1189_5419_54287,12367X,2100003000,Abrilada,"{""pbs_code"":""12367X"",""formulary"":""F2"",""brand_name"":""Abrilada"",""li_item_id"":""12367X_10037_1189_5419_54287"",""determined_price"":444.17}",normal,PBS listing was present in the previous schedule and is now absent.,2026-08-29T11:14:36.234Z
2226,4558,2025-12-01T00:00:00.000Z,12384T_10037_1189_5419_54287,12384T,2100003000,Abrilada,"{""pbs_code"":""12384T"",""formulary"":""F2"",""brand_name"":""Abrilada"",""li_item_id"":""12384T_10037_1189_5419_54287"",""determined_price"":444.17}",normal,PBS listing was present in the previous schedule and is now absent.,2026-08-29T11:14:36.234Z
2227,4558,2025-12-01T00:00:00.000Z,12387Y_10037_1189_5419_54287,12387Y,2100003000,Abrilada,"{""pbs_code"":""12387Y"",""formulary"":""F2"",""brand_name"":""Abrilada"",""li_item_id"":""12387Y_10037_1189_5419_54287"",""determined_price"":444.17}",normal,PBS listing was present in the previous schedule and is now absent.,2026-08-29T11:14:36.234Z
2228,4558,2025-12-01T00:00:00.000Z,12416L_10037_1189_5419_54287,12416L,2100003000,Abrilada,"{""pbs_code"":""12416L"",""formulary"":""F2"",""brand_name"":""Abrilada"",""li_item_id"":""12416L_10037_1189_5419_54287"",""determined_price"":444.17}",normal,PBS listing was present in the previous schedule and is now absent.,2026-08-29T11:14:36.234Z
2229,4558,2025-12-01T00:00:00.000Z,12434K_10037_1189_5419_54287,12434K,2100003000,Abrilada,"{""pbs_code"":""12434K"",""formulary"":""F2"",""brand_name"":""Abrilada"",""li_item_id"":""12434K_10037_1189_5419_54287"",""determined_price"":444.17}",normal,PBS listing was present in the previous schedule and is now absent.,2026-08-29T11:14:36.234Z
2230,4558,2025-12-01T00:00:00.000Z,12437N_10037_1189_5419_54287,12437N,2100003000,Abrilada,"{""pbs_code"":""12437N"",""formulary"":""F2"",""brand_name"":""Abrilada"",""li_item_id"":""12437N_10037_1189_5419_54287"",""determined_price"":444.17}",normal,PBS listing was present in the previous schedule and is now absent.,2026-08-29T11:14:36.234Z
2231,4558,2025-12-01T00:00:00.000Z,12438P_10037_1189_5419_54287,12438P,2100003000,Abrilada,"{""pbs_code"":""12438P"",""formulary"":""F2"",""brand_name"":""Abrilada"",""li_item_id"":""12438P_10037_1189_5419_54287"",""determined_price"":444.17}",normal,PBS listing was present in the previous schedule and is now absent.,2026-08-29T11:14:36.234Z
2232,4558,2025-12-01T00:00:00.000Z,13721E_10037_1189_5419_54287,13721E,2100003000,Abrilada,"{""pbs_code"":""13721E"",""formulary"":""F2"",""brand_name"":""Abrilada"",""li_item_id"":""13721E_10037_1189_5419_54287"",""determined_price"":444.17}",normal,PBS listing was present in the previous schedule and is now absent.,2026-08-29T11:14:36.234Z
2233,4558,2025-12-01T00:00:00.000Z,13722F_10037_1189_5419_54287,13722F,2100003000,Abrilada,"{""pbs_code"":""13722F"",""formulary"":""F2"",""brand_name"":""Abrilada"",""li_item_id"":""13722F_10037_1189_5419_54287"",""determined_price"":444.17}",normal,PBS listing was present in the previous schedule and is now absent.,2026-08-29T11:14:36.234Z
2234,4558,2025-12-01T00:00:00.000Z,13744J_10037_1189_5419_54287,13744J,2100003000,Abrilada,"{""pbs_code"":""13744J"",""formulary"":""F2"",""brand_name"":""Abrilada"",""li_item_id"":""13744J_10037_1189_5419_54287"",""determined_price"":444.17}",normal,PBS listing was present in the previous schedule and is now absent.,2026-08-29T11:14:36.234Z
2235,4558,2025-12-01T00:00:00.000Z,14222M_10037_1189_5419_54287,14222M,2100003000,Abrilada,"{""pbs_code"":""14222M"",""formulary"":""F2"",""brand_name"":""Abrilada"",""li_item_id"":""14222M_10037_1189_5419_54287"",""determined_price"":444.17}",normal,PBS listing was present in the previous schedule and is now absent.,2026-08-29T11:14:36.234Z
2236,4558,2025-12-01T00:00:00.000Z,14243P_10037_1189_5419_54287,14243P,2100003000,Abrilada,"{""pbs_code"":""14243P"",""formulary"":""F2"",""brand_name"":""Abrilada"",""li_item_id"":""14243P_10037_1189_5419_54287"",""determined_price"":444.17}",normal,PBS listing was present in the previous schedule and is now absent.,2026-08-29T11:14:36.234Z
2237,4558,2025-12-01T00:00:00.000Z,14251C_10037_1189_5419_54287,14251C,2100003000,Abrilada,"{""pbs_code"":""14251C"",""formulary"":""F2"",""brand_name"":""Abrilada"",""li_item_id"":""14251C_10037_1189_5419_54287"",""determined_price"":444.17}",normal,PBS listing was present in the previous schedule and is now absent.,2026-08-29T11:14:36.234Z
2238,4558,2025-12-01T00:00:00.000Z,14283R_10037_1189_5419_54287,14283R,2100003000,Abrilada,"{""pbs_code"":""14283R"",""formulary"":""F2"",""brand_name"":""Abrilada"",""li_item_id"":""14283R_10037_1189_5419_54287"",""determined_price"":444.17}",normal,PBS listing was present in the previous schedule and is now absent.,2026-08-29T11:14:36.234Z
2239,4558,2025-12-01T00:00:00.000Z,14958G_10037_1189_5419_54287,14958G,2100003000,Abrilada,"{""pbs_code"":""14958G"",""formulary"":""F2"",""brand_name"":""Abrilada"",""li_item_id"":""14958G_10037_1189_5419_54287"",""determined_price"":444.17}",normal,PBS listing was present in the previous schedule and is now absent.,2026-08-29T11:14:36.234Z
2240,4558,2025-12-01T00:00:00.000Z,15008X_10037_1189_5419_54287,15008X,2100003000,Abrilada,"{""pbs_code"":""15008X"",""formulary"":""F2"",""brand_name"":""Abrilada"",""li_item_id"":""15008X_10037_1189_5419_54287"",""determined_price"":444.17}",normal,PBS listing was present in the previous schedule and is now absent.,2026-08-29T11:14:36.234Z
2241,4558,2025-12-01T00:00:00.000Z,15020M_10037_1189_5419_54287,15020M,2100003000,Abrilada,"{""pbs_code"":""15020M"",""formulary"":""F2"",""brand_name"":""Abrilada"",""li_item_id"":""15020M_10037_1189_5419_54287"",""determined_price"":444.17}",normal,PBS listing was present in the previous schedule and is now absent.,2026-08-29T11:14:36.234Z
2242,4558,2025-12-01T00:00:00.000Z,5281Y_10037_1189_5419_54287,5281Y,2100003000,Abrilada,"{""pbs_code"":""5281Y"",""formulary"":""F2"",""brand_name"":""Abrilada"",""li_item_id"":""5281Y_10037_1189_5419_54287"",""determined_price"":444.17}",normal,PBS listing was present in the previous schedule and is now absent.,2026-08-29T11:14:36.234Z
2243,4558,2025-12-01T00:00:00.000Z,5283C_10037_1189_5419_54287,5283C,2100003000,Abrilada,"{""pbs_code"":""5283C"",""formulary"":""F2"",""brand_name"":""Abrilada"",""li_item_id"":""5283C_10037_1189_5419_54287"",""determined_price"":444.17}",normal,PBS listing was present in the previous schedule and is now absent.,2026-08-29T11:14:36.234Z
2244,4558,2025-12-01T00:00:00.000Z,8737W_10037_1189_5419_54287,8737W,2100003000,Abrilada,"{""pbs_code"":""8737W"",""formulary"":""F2"",""brand_name"":""Abrilada"",""li_item_id"":""8737W_10037_1189_5419_54287"",""determined_price"":444.17}",normal,PBS listing was present in the previous schedule and is now absent.,2026-08-29T11:14:36.234Z
2245,4558,2025-12-01T00:00:00.000Z,8741C_10037_1189_5419_54287,8741C,2100003000,Abrilada,"{""pbs_code"":""8741C"",""formulary"":""F2"",""brand_name"":""Abrilada"",""li_item_id"":""8741C_10037_1189_5419_54287"",""determined_price"":444.17}",normal,PBS listing was present in the previous schedule and is now absent.,2026-08-29T11:14:36.234Z
2246,4558,2025-12-01T00:00:00.000Z,8963R_10037_1189_5419_54287,8963R,2100003000,Abrilada,"{""pbs_code"":""8963R"",""formulary"":""F2"",""brand_name"":""Abrilada"",""li_item_id"":""8963R_10037_1189_5419_54287"",""determined_price"":444.17}",normal,PBS listing was present in the previous schedule and is now absent.,2026-08-29T11:14:36.234Z
2247,4558,2025-12-01T00:00:00.000Z,8964T_10037_1189_5419_54287,8964T,2100003000,Abrilada,"{""pbs_code"":""8964T"",""formulary"":""F2"",""brand_name"":""Abrilada"",""li_item_id"":""8964T_10037_1189_5419_54287"",""determined_price"":444.17}",normal,PBS listing was present in the previous schedule and is now absent.,2026-08-29T11:14:36.234Z
2248,4558,2025-12-01T00:00:00.000Z,9033K_10037_1189_5419_54287,9033K,2100003000,Abrilada,"{""pbs_code"":""9033K"",""formulary"":""F2"",""brand_name"":""Abrilada"",""li_item_id"":""9033K_10037_1189_5419_54287"",""determined_price"":444.17}",normal,PBS listing was present in the previous schedule and is now absent.,2026-08-29T11:14:36.234Z
2249,4558,2025-12-01T00:00:00.000Z,9034L_10037_1189_5419_54287,9034L,2100003000,Abrilada,"{""pbs_code"":""9034L"",""formulary"":""F2"",""brand_name"":""Abrilada"",""li_item_id"":""9034L_10037_1189_5419_54287"",""determined_price"":444.17}",normal,PBS listing was present in the previous schedule and is now absent.,2026-08-29T11:14:36.234Z
2250,4558,2025-12-01T00:00:00.000Z,9077R_10037_1189_5419_54287,9077R,2100003000,Abrilada,"{""pbs_code"":""9077R"",""formulary"":""F2"",""brand_name"":""Abrilada"",""li_item_id"":""9077R_10037_1189_5419_54287"",""determined_price"":444.17}",normal,PBS listing was present in the previous schedule and is now absent.,2026-08-29T11:14:36.234Z
2251,4558,2025-12-01T00:00:00.000Z,9078T_10037_1189_5419_54287,9078T,2100003000,Abrilada,"{""pbs_code"":""9078T"",""formulary"":""F2"",""brand_name"":""Abrilada"",""li_item_id"":""9078T_10037_1189_5419_54287"",""determined_price"":444.17}",normal,PBS listing was present in the previous schedule and is now absent.,2026-08-29T11:14:36.234Z
2252,4558,2025-12-01T00:00:00.000Z,9188N_10037_1189_5419_54287,9188N,2100003000,Abrilada,"{""pbs_code"":""9188N"",""formulary"":""F2"",""brand_name"":""Abrilada"",""li_item_id"":""9188N_10037_1189_5419_54287"",""determined_price"":444.17}",normal,PBS listing was present in the previous schedule and is now absent.,2026-08-29T11:14:36.234Z
2253,4558,2025-12-01T00:00:00.000Z,9189P_10037_1189_5419_54287,9189P,2100003000,Abrilada,"{""pbs_code"":""9189P"",""formulary"":""F2"",""brand_name"":""Abrilada"",""li_item_id"":""9189P_10037_1189_5419_54287"",""determined_price"":444.17}",normal,PBS listing was present in the previous schedule and is now absent.,2026-08-29T11:14:36.234Z
2254,4558,2025-12-01T00:00:00.000Z,9425C_10037_1189_5419_54287,9425C,2100003000,Abrilada,"{""pbs_code"":""9425C"",""formulary"":""F2"",""brand_name"":""Abrilada"",""li_item_id"":""9425C_10037_1189_5419_54287"",""determined_price"":444.17}",normal,PBS listing was present in the previous schedule and is now absent.,2026-08-29T11:14:36.234Z
2255,4558,2025-12-01T00:00:00.000Z,9427E_10037_1189_5419_54287,9427E,2100003000,Abrilada,"{""pbs_code"":""9427E"",""formulary"":""F2"",""brand_name"":""Abrilada"",""li_item_id"":""9427E_10037_1189_5419_54287"",""determined_price"":444.17}",normal,PBS listing was present in the previous schedule and is now absent.,2026-08-29T11:14:36.234Z
2256,4558,2025-12-01T00:00:00.000Z,9662M_10037_1189_5419_54287,9662M,2100003000,Abrilada,"{""pbs_code"":""9662M"",""formulary"":""F2"",""brand_name"":""Abrilada"",""li_item_id"":""9662M_10037_1189_5419_54287"",""determined_price"":444.17}",normal,PBS listing was present in the previous schedule and is now absent.,2026-08-29T11:14:36.234Z
2257,4558,2025-12-01T00:00:00.000Z,9679K_10037_1189_5419_54287,9679K,2100003000,Abrilada,"{""pbs_code"":""9679K"",""formulary"":""F2"",""brand_name"":""Abrilada"",""li_item_id"":""9679K_10037_1189_5419_54287"",""determined_price"":444.17}",normal,PBS listing was present in the previous schedule and is now absent.,2026-08-29T11:14:36.234Z
2349,4580,2026-01-01T00:00:00.000Z,14223N_7444_1189_5416_54285,14223N,2100003000,Abrilada,"{""pbs_code"":""14223N"",""formulary"":""F2"",""brand_name"":""Abrilada"",""li_item_id"":""14223N_7444_1189_5416_54285"",""determined_price"":272.84}",normal,PBS listing was present in the previous schedule and is now absent.,2026-08-29T11:14:36.234Z
2350,4580,2026-01-01T00:00:00.000Z,14235F_7444_1189_5416_54285,14235F,2100003000,Abrilada,"{""pbs_code"":""14235F"",""formulary"":""F2"",""brand_name"":""Abrilada"",""li_item_id"":""14235F_7444_1189_5416_54285"",""determined_price"":272.84}",normal,PBS listing was present in the previous schedule and is now absent.,2026-08-29T11:14:36.234Z
2351,4580,2026-01-01T00:00:00.000Z,14252D_7444_1189_5416_54285,14252D,2100003000,Abrilada,"{""pbs_code"":""14252D"",""formulary"":""F2"",""brand_name"":""Abrilada"",""li_item_id"":""14252D_7444_1189_5416_54285"",""determined_price"":272.84}",normal,PBS listing was present in the previous schedule and is now absent.,2026-08-29T11:14:36.234Z
2352,4580,2026-01-01T00:00:00.000Z,14253E_7444_1189_5416_54285,14253E,2100003000,Abrilada,"{""pbs_code"":""14253E"",""formulary"":""F2"",""brand_name"":""Abrilada"",""li_item_id"":""14253E_7444_1189_5416_54285"",""determined_price"":272.84}",normal,PBS listing was present in the previous schedule and is now absent.,2026-08-29T11:14:36.234Z
2353,4580,2026-01-01T00:00:00.000Z,14273F_7444_1189_5416_54285,14273F,2100003000,Abrilada,"{""pbs_code"":""14273F"",""formulary"":""F2"",""brand_name"":""Abrilada"",""li_item_id"":""14273F_7444_1189_5416_54285"",""determined_price"":272.84}",normal,PBS listing was present in the previous schedule and is now absent.,2026-08-29T11:14:36.234Z
2354,4580,2026-01-01T00:00:00.000Z,14274G_7444_1189_5416_54285,14274G,2100003000,Abrilada,"{""pbs_code"":""14274G"",""formulary"":""F2"",""brand_name"":""Abrilada"",""li_item_id"":""14274G_7444_1189_5416_54285"",""determined_price"":272.84}",normal,PBS listing was present in the previous schedule and is now absent.,2026-08-29T11:14:36.234Z
2355,4580,2026-01-01T00:00:00.000Z,14276J_7444_1189_5416_54285,14276J,2100003000,Abrilada,"{""pbs_code"":""14276J"",""formulary"":""F2"",""brand_name"":""Abrilada"",""li_item_id"":""14276J_7444_1189_5416_54285"",""determined_price"":272.84}",normal,PBS listing was present in the previous schedule and is now absent.,2026-08-29T11:14:36.234Z
2356,4580,2026-01-01T00:00:00.000Z,14285W_7444_1189_5416_54285,14285W,2100003000,Abrilada,"{""pbs_code"":""14285W"",""formulary"":""F2"",""brand_name"":""Abrilada"",""li_item_id"":""14285W_7444_1189_5416_54285"",""determined_price"":272.84}",normal,PBS listing was present in the previous schedule and is now absent.,2026-08-29T11:14:36.234Z
2357,4580,2026-01-01T00:00:00.000Z,14286X_7444_1189_5416_54285,14286X,2100003000,Abrilada,"{""pbs_code"":""14286X"",""formulary"":""F2"",""brand_name"":""Abrilada"",""li_item_id"":""14286X_7444_1189_5416_54285"",""determined_price"":272.84}",normal,PBS listing was present in the previous schedule and is now absent.,2026-08-29T11:14:36.234Z
2358,4580,2026-01-01T00:00:00.000Z,14294H_7444_1189_5416_54285,14294H,2100003000,Abrilada,"{""pbs_code"":""14294H"",""formulary"":""F2"",""brand_name"":""Abrilada"",""li_item_id"":""14294H_7444_1189_5416_54285"",""determined_price"":272.84}",normal,PBS listing was present in the previous schedule and is now absent.,2026-08-29T11:14:36.234Z
2359,4580,2026-01-01T00:00:00.000Z,14295J_7444_1189_5416_54285,14295J,2100003000,Abrilada,"{""pbs_code"":""14295J"",""formulary"":""F2"",""brand_name"":""Abrilada"",""li_item_id"":""14295J_7444_1189_5416_54285"",""determined_price"":272.84}",normal,PBS listing was present in the previous schedule and is now absent.,2026-08-29T11:14:36.234Z
2360,4580,2026-01-01T00:00:00.000Z,14750H_7444_1189_5416_54285,14750H,2100003000,Abrilada,"{""pbs_code"":""14750H"",""formulary"":""F2"",""brand_name"":""Abrilada"",""li_item_id"":""14750H_7444_1189_5416_54285"",""determined_price"":272.84}",normal,PBS listing was present in the previous schedule and is now absent.,2026-08-29T11:14:36.234Z
2361,4580,2026-01-01T00:00:00.000Z,14751J_7444_1189_5416_54285,14751J,2100003000,Abrilada,"{""pbs_code"":""14751J"",""formulary"":""F2"",""brand_name"":""Abrilada"",""li_item_id"":""14751J_7444_1189_5416_54285"",""determined_price"":272.84}",normal,PBS listing was present in the previous schedule and is now absent.,2026-08-29T11:14:36.234Z
2362,4580,2026-01-01T00:00:00.000Z,14764C_7444_1189_5416_54285,14764C,2100003000,Abrilada,"{""pbs_code"":""14764C"",""formulary"":""F2"",""brand_name"":""Abrilada"",""li_item_id"":""14764C_7444_1189_5416_54285"",""determined_price"":272.84}",normal,PBS listing was present in the previous schedule and is now absent.,2026-08-29T11:14:36.234Z
2363,4580,2026-01-01T00:00:00.000Z,14777R_7444_1189_5416_54285,14777R,2100003000,Abrilada,"{""pbs_code"":""14777R"",""formulary"":""F2"",""brand_name"":""Abrilada"",""li_item_id"":""14777R_7444_1189_5416_54285"",""determined_price"":272.84}",normal,PBS listing was present in the previous schedule and is now absent.,2026-08-29T11:14:36.234Z
2364,4580,2026-01-01T00:00:00.000Z,14974D_7444_1189_5416_54285,14974D,2100003000,Abrilada,"{""pbs_code"":""14974D"",""formulary"":""F2"",""brand_name"":""Abrilada"",""li_item_id"":""14974D_7444_1189_5416_54285"",""determined_price"":272.84}",normal,PBS listing was present in the previous schedule and is now absent.,2026-08-29T11:14:36.234Z
2365,4580,2026-01-01T00:00:00.000Z,14984P_7444_1189_5416_54285,14984P,2100003000,Abrilada,"{""pbs_code"":""14984P"",""formulary"":""F2"",""brand_name"":""Abrilada"",""li_item_id"":""14984P_7444_1189_5416_54285"",""determined_price"":272.84}",normal,PBS listing was present in the previous schedule and is now absent.,2026-08-29T11:14:36.234Z
2366,4580,2026-01-01T00:00:00.000Z,15040N_7444_1189_5416_54285,15040N,2100003000,Abrilada,"{""pbs_code"":""15040N"",""formulary"":""F2"",""brand_name"":""Abrilada"",""li_item_id"":""15040N_7444_1189_5416_54285"",""determined_price"":272.84}",normal,PBS listing was present in the previous schedule and is now absent.,2026-08-29T11:14:36.234Z
