item_code,pbs_code,li_item_id,brand_name,strength,form,pack_size,pricing_quantity,current_aemp,determined_price,schedule_code,formulary
13586C_8808_1247_5561_28776,13586C,13586C_8808_1247_5561_28776,APO-ROSUVASTATIN,10 mg,Tablet 10 mg (as calcium),30,30,3.50,3.5000,4708,F2
2628H_8808_1247_5561_28776,2628H,2628H_8808_1247_5561_28776,APO-ROSUVASTATIN,10 mg,Tablet 10 mg (as calcium),30,30,3.50,3.5000,4708,F2
13588E_10829_1247_5563_28779,13588E,13588E_10829_1247_5563_28779,APO-ROSUVASTATIN,20 mg,Tablet 20 mg (as calcium),30,30,3.55,3.5500,4708,F2
2574L_10829_1247_5563_28779,2574L,2574L_10829_1247_5563_28779,APO-ROSUVASTATIN,20 mg,Tablet 20 mg (as calcium),30,30,3.55,3.5500,4708,F2
13589F_9472_1247_5565_28782,13589F,13589F_9472_1247_5565_28782,APO-ROSUVASTATIN,40 mg,Tablet 40 mg (as calcium),30,30,5.06,5.0600,4708,F2
2594M_9472_1247_5565_28782,2594M,2594M_9472_1247_5565_28782,APO-ROSUVASTATIN,40 mg,Tablet 40 mg (as calcium),30,30,5.06,5.0600,4708,F2
13406N_10828_1247_5567_28773,13406N,13406N_10828_1247_5567_28773,APO-ROSUVASTATIN,5 mg,Tablet 5 mg (as calcium),30,30,2.50,2.5000,4708,F2
2606E_10828_1247_5567_28773,2606E,2606E_10828_1247_5567_28773,APO-ROSUVASTATIN,5 mg,Tablet 5 mg (as calcium),30,30,2.50,2.5000,4708,F2
13586C_8808_1247_5561_52064,13586C,13586C_8808_1247_5561_52064,APX-Rosuvastatin,10 mg,Tablet 10 mg (as calcium),30,30,3.50,3.5000,4708,F2
2628H_8808_1247_5561_52064,2628H,2628H_8808_1247_5561_52064,APX-Rosuvastatin,10 mg,Tablet 10 mg (as calcium),30,30,3.50,3.5000,4708,F2
13588E_10829_1247_5563_52065,13588E,13588E_10829_1247_5563_52065,APX-Rosuvastatin,20 mg,Tablet 20 mg (as calcium),30,30,3.55,3.5500,4708,F2
2574L_10829_1247_5563_52065,2574L,2574L_10829_1247_5563_52065,APX-Rosuvastatin,20 mg,Tablet 20 mg (as calcium),30,30,3.55,3.5500,4708,F2
13589F_9472_1247_5565_52066,13589F,13589F_9472_1247_5565_52066,APX-Rosuvastatin,40 mg,Tablet 40 mg (as calcium),30,30,5.06,5.0600,4708,F2
2594M_9472_1247_5565_52066,2594M,2594M_9472_1247_5565_52066,APX-Rosuvastatin,40 mg,Tablet 40 mg (as calcium),30,30,5.06,5.0600,4708,F2
13406N_10828_1247_5567_52067,13406N,13406N_10828_1247_5567_52067,APX-Rosuvastatin,5 mg,Tablet 5 mg (as calcium),30,30,2.50,2.5000,4708,F2
2606E_10828_1247_5567_52067,2606E,2606E_10828_1247_5567_52067,APX-Rosuvastatin,5 mg,Tablet 5 mg (as calcium),30,30,2.50,2.5000,4708,F2
13586C_8808_1247_5561_56721,13586C,13586C_8808_1247_5561_56721,Blooms Rosuvastatin,10 mg,Tablet 10 mg (as calcium),30,30,3.50,3.5000,4708,F2
2628H_8808_1247_5561_56721,2628H,2628H_8808_1247_5561_56721,Blooms Rosuvastatin,10 mg,Tablet 10 mg (as calcium),30,30,3.50,3.5000,4708,F2
13588E_10829_1247_5563_56722,13588E,13588E_10829_1247_5563_56722,Blooms Rosuvastatin,20 mg,Tablet 20 mg (as calcium),30,30,3.55,3.5500,4708,F2
2574L_10829_1247_5563_56722,2574L,2574L_10829_1247_5563_56722,Blooms Rosuvastatin,20 mg,Tablet 20 mg (as calcium),30,30,3.55,3.5500,4708,F2
13589F_9472_1247_5565_56719,13589F,13589F_9472_1247_5565_56719,Blooms Rosuvastatin,40 mg,Tablet 40 mg (as calcium),30,30,5.06,5.0600,4708,F2
2594M_9472_1247_5565_56719,2594M,2594M_9472_1247_5565_56719,Blooms Rosuvastatin,40 mg,Tablet 40 mg (as calcium),30,30,5.06,5.0600,4708,F2
13406N_10828_1247_5567_56720,13406N,13406N_10828_1247_5567_56720,Blooms Rosuvastatin,5 mg,Tablet 5 mg (as calcium),30,30,2.50,2.5000,4708,F2
2606E_10828_1247_5567_56720,2606E,2606E_10828_1247_5567_56720,Blooms Rosuvastatin,5 mg,Tablet 5 mg (as calcium),30,30,2.50,2.5000,4708,F2
13586C_8808_1247_5561_28786,13586C,13586C_8808_1247_5561_28786,Cavstat,10 mg,Tablet 10 mg (as calcium),30,30,3.50,3.5000,4708,F2
2628H_8808_1247_5561_28786,2628H,2628H_8808_1247_5561_28786,Cavstat,10 mg,Tablet 10 mg (as calcium),30,30,3.50,3.5000,4708,F2
13588E_10829_1247_5563_28787,13588E,13588E_10829_1247_5563_28787,Cavstat,20 mg,Tablet 20 mg (as calcium),30,30,3.55,3.5500,4708,F2
2574L_10829_1247_5563_28787,2574L,2574L_10829_1247_5563_28787,Cavstat,20 mg,Tablet 20 mg (as calcium),30,30,3.55,3.5500,4708,F2
13589F_9472_1247_5565_28788,13589F,13589F_9472_1247_5565_28788,Cavstat,40 mg,Tablet 40 mg (as calcium),30,30,5.06,5.0600,4708,F2
2594M_9472_1247_5565_28788,2594M,2594M_9472_1247_5565_28788,Cavstat,40 mg,Tablet 40 mg (as calcium),30,30,5.06,5.0600,4708,F2
13406N_10828_1247_5567_28785,13406N,13406N_10828_1247_5567_28785,Cavstat,5 mg,Tablet 5 mg (as calcium),30,30,2.50,2.5000,4708,F2
2606E_10828_1247_5567_28785,2606E,2606E_10828_1247_5567_28785,Cavstat,5 mg,Tablet 5 mg (as calcium),30,30,2.50,2.5000,4708,F2
13586C_8808_1247_5561_6743,13586C,13586C_8808_1247_5561_6743,Crestor,10 mg,Tablet 10 mg (as calcium),30,30,3.50,3.5000,4708,F2
2628H_8808_1247_5561_6743,2628H,2628H_8808_1247_5561_6743,Crestor,10 mg,Tablet 10 mg (as calcium),30,30,3.50,3.5000,4708,F2
13588E_10829_1247_5563_6745,13588E,13588E_10829_1247_5563_6745,Crestor,20 mg,Tablet 20 mg (as calcium),30,30,3.55,3.5500,4708,F2
2574L_10829_1247_5563_6745,2574L,2574L_10829_1247_5563_6745,Crestor,20 mg,Tablet 20 mg (as calcium),30,30,3.55,3.5500,4708,F2
13589F_9472_1247_5565_6747,13589F,13589F_9472_1247_5565_6747,Crestor,40 mg,Tablet 40 mg (as calcium),30,30,5.06,5.0600,4708,F2
2594M_9472_1247_5565_6747,2594M,2594M_9472_1247_5565_6747,Crestor,40 mg,Tablet 40 mg (as calcium),30,30,5.06,5.0600,4708,F2
13406N_10828_1247_5567_6749,13406N,13406N_10828_1247_5567_6749,Crestor,5 mg,Tablet 5 mg (as calcium),30,30,2.50,2.5000,4708,F2
2606E_10828_1247_5567_6749,2606E,2606E_10828_1247_5567_6749,Crestor,5 mg,Tablet 5 mg (as calcium),30,30,2.50,2.5000,4708,F2
13586C_8808_1247_5561_31849,13586C,13586C_8808_1247_5561_31849,Crosuva 10,10 mg,Tablet 10 mg (as calcium),30,30,3.50,3.5000,4708,F2
2628H_8808_1247_5561_31849,2628H,2628H_8808_1247_5561_31849,Crosuva 10,10 mg,Tablet 10 mg (as calcium),30,30,3.50,3.5000,4708,F2
13588E_10829_1247_5563_31850,13588E,13588E_10829_1247_5563_31850,Crosuva 20,20 mg,Tablet 20 mg (as calcium),30,30,3.55,3.5500,4708,F2
2574L_10829_1247_5563_31850,2574L,2574L_10829_1247_5563_31850,Crosuva 20,20 mg,Tablet 20 mg (as calcium),30,30,3.55,3.5500,4708,F2
13589F_9472_1247_5565_31851,13589F,13589F_9472_1247_5565_31851,Crosuva 40,40 mg,Tablet 40 mg (as calcium),30,30,5.06,5.0600,4708,F2
2594M_9472_1247_5565_31851,2594M,2594M_9472_1247_5565_31851,Crosuva 40,40 mg,Tablet 40 mg (as calcium),30,30,5.06,5.0600,4708,F2
13406N_10828_1247_5567_31846,13406N,13406N_10828_1247_5567_31846,Crosuva 5,5 mg,Tablet 5 mg (as calcium),30,30,2.50,2.5000,4708,F2
2606E_10828_1247_5567_31846,2606E,2606E_10828_1247_5567_31846,Crosuva 5,5 mg,Tablet 5 mg (as calcium),30,30,2.50,2.5000,4708,F2
13586C_8808_1247_5561_44137,13586C,13586C_8808_1247_5561_44137,Pharmacor Rosuvastatin 10,10 mg,Tablet 10 mg (as calcium),30,30,3.50,3.5000,4708,F2
2628H_8808_1247_5561_44137,2628H,2628H_8808_1247_5561_44137,Pharmacor Rosuvastatin 10,10 mg,Tablet 10 mg (as calcium),30,30,3.50,3.5000,4708,F2
13588E_10829_1247_5563_44138,13588E,13588E_10829_1247_5563_44138,Pharmacor Rosuvastatin 20,20 mg,Tablet 20 mg (as calcium),30,30,3.55,3.5500,4708,F2
2574L_10829_1247_5563_44138,2574L,2574L_10829_1247_5563_44138,Pharmacor Rosuvastatin 20,20 mg,Tablet 20 mg (as calcium),30,30,3.55,3.5500,4708,F2
13589F_9472_1247_5565_44136,13589F,13589F_9472_1247_5565_44136,Pharmacor Rosuvastatin 40,40 mg,Tablet 40 mg (as calcium),30,30,5.06,5.0600,4708,F2
2594M_9472_1247_5565_44136,2594M,2594M_9472_1247_5565_44136,Pharmacor Rosuvastatin 40,40 mg,Tablet 40 mg (as calcium),30,30,5.06,5.0600,4708,F2
13406N_10828_1247_5567_44135,13406N,13406N_10828_1247_5567_44135,Pharmacor Rosuvastatin 5,5 mg,Tablet 5 mg (as calcium),30,30,2.50,2.5000,4708,F2
2606E_10828_1247_5567_44135,2606E,2606E_10828_1247_5567_44135,Pharmacor Rosuvastatin 5,5 mg,Tablet 5 mg (as calcium),30,30,2.50,2.5000,4708,F2
13586C_8808_1247_5561_58387,13586C,13586C_8808_1247_5561_58387,ROSUVASTATIN-WGR,10 mg,Tablet 10 mg (as calcium),30,30,3.50,3.5000,4708,F2
2628H_8808_1247_5561_58387,2628H,2628H_8808_1247_5561_58387,ROSUVASTATIN-WGR,10 mg,Tablet 10 mg (as calcium),30,30,3.50,3.5000,4708,F2
13588E_10829_1247_5563_58388,13588E,13588E_10829_1247_5563_58388,ROSUVASTATIN-WGR,20 mg,Tablet 20 mg (as calcium),30,30,3.55,3.5500,4708,F2
2574L_10829_1247_5563_58388,2574L,2574L_10829_1247_5563_58388,ROSUVASTATIN-WGR,20 mg,Tablet 20 mg (as calcium),30,30,3.55,3.5500,4708,F2
13589F_9472_1247_5565_58389,13589F,13589F_9472_1247_5565_58389,ROSUVASTATIN-WGR,40 mg,Tablet 40 mg (as calcium),30,30,5.06,5.0600,4708,F2
2594M_9472_1247_5565_58389,2594M,2594M_9472_1247_5565_58389,ROSUVASTATIN-WGR,40 mg,Tablet 40 mg (as calcium),30,30,5.06,5.0600,4708,F2
13406N_10828_1247_5567_58390,13406N,13406N_10828_1247_5567_58390,ROSUVASTATIN-WGR,5 mg,Tablet 5 mg (as calcium),30,30,2.50,2.5000,4708,F2
2606E_10828_1247_5567_58390,2606E,2606E_10828_1247_5567_58390,ROSUVASTATIN-WGR,5 mg,Tablet 5 mg (as calcium),30,30,2.50,2.5000,4708,F2
13586C_8808_1247_5561_51469,13586C,13586C_8808_1247_5561_51469,Rosuvastatin Lupin,10 mg,Tablet 10 mg (as calcium),30,30,3.50,3.5000,4708,F2
2628H_8808_1247_5561_51469,2628H,2628H_8808_1247_5561_51469,Rosuvastatin Lupin,10 mg,Tablet 10 mg (as calcium),30,30,3.50,3.5000,4708,F2
13588E_10829_1247_5563_51471,13588E,13588E_10829_1247_5563_51471,Rosuvastatin Lupin,20 mg,Tablet 20 mg (as calcium),30,30,3.55,3.5500,4708,F2
2574L_10829_1247_5563_51471,2574L,2574L_10829_1247_5563_51471,Rosuvastatin Lupin,20 mg,Tablet 20 mg (as calcium),30,30,3.55,3.5500,4708,F2
13589F_9472_1247_5565_51472,13589F,13589F_9472_1247_5565_51472,Rosuvastatin Lupin,40 mg,Tablet 40 mg (as calcium),30,30,5.06,5.0600,4708,F2
2594M_9472_1247_5565_51472,2594M,2594M_9472_1247_5565_51472,Rosuvastatin Lupin,40 mg,Tablet 40 mg (as calcium),30,30,5.06,5.0600,4708,F2
13406N_10828_1247_5567_51470,13406N,13406N_10828_1247_5567_51470,Rosuvastatin Lupin,5 mg,Tablet 5 mg (as calcium),30,30,2.50,2.5000,4708,F2
2606E_10828_1247_5567_51470,2606E,2606E_10828_1247_5567_51470,Rosuvastatin Lupin,5 mg,Tablet 5 mg (as calcium),30,30,2.50,2.5000,4708,F2
13586C_8808_1247_5561_28770,13586C,13586C_8808_1247_5561_28770,Rosuvastatin RBX,10 mg,Tablet 10 mg (as calcium),30,30,3.50,3.5000,4708,F2
2628H_8808_1247_5561_28770,2628H,2628H_8808_1247_5561_28770,Rosuvastatin RBX,10 mg,Tablet 10 mg (as calcium),30,30,3.50,3.5000,4708,F2
13588E_10829_1247_5563_28771,13588E,13588E_10829_1247_5563_28771,Rosuvastatin RBX,20 mg,Tablet 20 mg (as calcium),30,30,3.55,3.5500,4708,F2
2574L_10829_1247_5563_28771,2574L,2574L_10829_1247_5563_28771,Rosuvastatin RBX,20 mg,Tablet 20 mg (as calcium),30,30,3.55,3.5500,4708,F2
13589F_9472_1247_5565_28772,13589F,13589F_9472_1247_5565_28772,Rosuvastatin RBX,40 mg,Tablet 40 mg (as calcium),30,30,5.06,5.0600,4708,F2
2594M_9472_1247_5565_28772,2594M,2594M_9472_1247_5565_28772,Rosuvastatin RBX,40 mg,Tablet 40 mg (as calcium),30,30,5.06,5.0600,4708,F2
13406N_10828_1247_5567_28769,13406N,13406N_10828_1247_5567_28769,Rosuvastatin RBX,5 mg,Tablet 5 mg (as calcium),30,30,2.50,2.5000,4708,F2
2606E_10828_1247_5567_28769,2606E,2606E_10828_1247_5567_28769,Rosuvastatin RBX,5 mg,Tablet 5 mg (as calcium),30,30,2.50,2.5000,4708,F2
13586C_8808_1247_5561_28372,13586C,13586C_8808_1247_5561_28372,Rosuvastatin Sandoz,10 mg,Tablet 10 mg (as calcium),30,30,3.50,3.5000,4708,F2
2628H_8808_1247_5561_28372,2628H,2628H_8808_1247_5561_28372,Rosuvastatin Sandoz,10 mg,Tablet 10 mg (as calcium),30,30,3.50,3.5000,4708,F2
13588E_10829_1247_5563_28373,13588E,13588E_10829_1247_5563_28373,Rosuvastatin Sandoz,20 mg,Tablet 20 mg (as calcium),30,30,3.55,3.5500,4708,F2
2574L_10829_1247_5563_28373,2574L,2574L_10829_1247_5563_28373,Rosuvastatin Sandoz,20 mg,Tablet 20 mg (as calcium),30,30,3.55,3.5500,4708,F2
13589F_9472_1247_5565_28374,13589F,13589F_9472_1247_5565_28374,Rosuvastatin Sandoz,40 mg,Tablet 40 mg (as calcium),30,30,5.06,5.0600,4708,F2
2594M_9472_1247_5565_28374,2594M,2594M_9472_1247_5565_28374,Rosuvastatin Sandoz,40 mg,Tablet 40 mg (as calcium),30,30,5.06,5.0600,4708,F2
13406N_10828_1247_5567_28371,13406N,13406N_10828_1247_5567_28371,Rosuvastatin Sandoz,5 mg,Tablet 5 mg (as calcium),30,30,2.50,2.5000,4708,F2
2606E_10828_1247_5567_28371,2606E,2606E_10828_1247_5567_28371,Rosuvastatin Sandoz,5 mg,Tablet 5 mg (as calcium),30,30,2.50,2.5000,4708,F2
